Nome,"Limite de Cr√©dito"
"Horace Lynch Jr.","R$761,03"
"Dr. Maximus Roberts Jr.","R$903,72"
"Mrs. Frida Altenwerth PhD","R$782,94"
"Mervin McKenzie","R$876,29"
"Rex Dickens","R$188,84"
"Terrell Littel","R$722,27"
"Dr. Hoyt Christiansen","R$562,61"
"Mrs. Sandy Ondricka II","R$390,59"
"Prof. Eduardo Towne Sr.","R$875,48"
"Jacky Zieme","R$131,67"
"Ryley Schneider","R$535,85"
"Casandra Padberg DVM","R$716,60"
"Providenci Funk MD","R$357,63"
"Ms. Abigale O'Hara","R$674,83"
"Francesca Runolfsdottir","R$983,85"
"Miss Else Rutherford","R$619,66"
"Lance McKenzie","R$161,91"
"Lauren Wisozk","R$850,04"
"Demetris Daniel","R$981,71"
"Rosalee Kohler","R$664,07"
"Osborne Feil V","R$426,17"
"Elinor Schaefer","R$888,72"
"Grant Lind V","R$639,48"
"Colby Lakin III","R$908,93"
"Ms. Karlee Von DVM","R$748,30"
"Sarai Renner","R$224,02"
"Judd Yost","R$627,08"
"Eugenia Casper DDS","R$202,22"
"Dr. Jerome Hyatt","R$795,75"
"Alberta Nicolas","R$229,86"
"Wyman Luettgen MD","R$482,97"
"Roderick Rodriguez","R$897,28"
"Ms. Mara Wisozk","R$695,61"
"Dr. Adele Olson","R$414,16"
"Dakota Braun","R$745,78"
"Jace Abshire PhD","R$996,14"
"Linnea Wilkinson","R$659,99"
"Thurman Erdman","R$100,95"
"Prof. Hank Gusikowski","R$699,34"
"Miss Dasia Rogahn","R$380,96"
"Katarina Hessel","R$436,16"
"Theodora Gottlieb","R$297,10"
"Jannie Wehner","R$770,20"
"Ms. Rosemarie Renner","R$420,01"
"Melody Wiza","R$707,30"
"Jaiden Johnson","R$876,58"
"Myrna Barton","R$821,24"
"Mrs. Annetta Carroll I","R$543,26"
"Jaclyn Gutkowski Sr.","R$409,84"
"Mr. Reymundo Champlin IV","R$983,10"
"Miss Kristina Legros","R$334,94"
"Kay O'Conner","R$223,10"
"Kathryne Schimmel","R$766,39"
"Foster McLaughlin","R$166,92"
"Matilda Brakus","R$152,04"
"Erling Parisian","R$990,56"
"Colby Lesch","R$463,08"
"Rafaela Stoltenberg V","R$980,55"
"Terrell Macejkovic DDS","R$345,72"
"Miss Chloe Swaniawski","R$678,91"
"Josefa Grant PhD","R$376,74"
"Corine McClure","R$224,30"
"Mr. Zion Goldner Sr.","R$889,75"
"Abbigail Rowe Sr.","R$850,57"
"Waino Streich","R$132,67"
"Earl O'Connell","R$752,04"
"Mr. Lesley Schuppe","R$593,70"
"Gia Schmeler","R$685,83"
"Cade Schuster","R$197,18"
"Erling McCullough","R$981,18"
"Prof. Kenny Heller Jr.","R$967,72"
"Destany Wolff","R$303,59"
"Brielle Smitham II","R$282,97"
"Tracy Sawayn MD","R$984,91"
"Wilbert Hirthe","R$312,78"
"Serenity Beer","R$282,74"
"Prof. Ethan Berge","R$457,10"
"Earline Hagenes","R$685,08"
"Mr. Laurel Haag III","R$164,95"
"Prof. Gertrude Ziemann","R$224,61"
"Vivian Klocko","R$158,90"
"Roger Lindgren III","R$846,35"
"Mr. Jerrold Fay","R$553,57"
"Alayna Sawayn","R$465,15"
"Sebastian Hickle","R$742,82"
"Adela Pollich","R$673,53"
"Dewitt Schultz V","R$734,11"
"Kailey Blick","R$236,98"
"Mrs. Camille Hauck MD","R$440,17"
"Helena Wunsch","R$955,28"
"Mireya Waelchi IV","R$687,63"
"Norberto Veum","R$178,69"
"Deborah Beier","R$163,39"
"Mr. Henderson Lebsack","R$300,81"
"Laurie Moore","R$672,91"
"Miss Velma Carroll Sr.","R$371,49"
"Camren Harvey","R$286,48"
"Westley Kuhn","R$839,97"
"Dr. Kip Mayert","R$660,85"
"Dr. Graciela Fay I","R$116,36"
"Dimitri Kuhlman","R$413,15"
"Daniela Okuneva","R$372,89"
"Selmer Abernathy","R$130,46"
"Linnea Schaden","R$318,65"
"Berneice Mayert","R$642,45"
"Winifred Shanahan","R$623,95"
"Dr. Aiyana Lehner V","R$559,93"
"Trever Langosh DVM","R$688,67"
"Ms. Genevieve Nienow PhD","R$959,79"
"Prof. Parker Cremin V","R$602,44"
"Jewell Maggio PhD","R$922,96"
"Mrs. Selina Mraz","R$111,19"
"Adan VonRueden PhD","R$180,58"
"Athena Dickinson","R$114,00"
"Eldora Gutkowski","R$823,96"
"Cullen Schuster","R$473,01"
"Olga Schuppe","R$781,13"
"Dr. Elliott Wilderman DVM","R$863,20"
"Jamaal Durgan","R$923,55"
"Berta Heaney","R$834,01"
"Frederick Gutmann","R$619,46"
"Lauriane Nolan","R$795,03"
"Delores Mante","R$139,68"
"Kaela Collier","R$997,40"
"Mrs. Mallie Hoppe","R$456,08"
"Lourdes Huels","R$739,39"
"Mrs. Emilie Gibson","R$708,40"
"Nick Veum","R$352,51"
"Prof. Chandler Spinka II","R$829,31"
"Schuyler Gleichner","R$338,68"
"Davin Wuckert","R$933,83"
"Mrs. Laury Rowe","R$676,60"
"Liliane Nikolaus","R$307,00"
"Jody Howe","R$886,55"
"Ebba Lemke","R$304,40"
"Mr. Niko Robel","R$555,87"
"Miss Ernestine Gaylord I","R$659,23"
"Lolita Kihn","R$779,52"
"Mable Weber","R$338,72"
"Charles Weimann","R$115,93"
"Burley Hauck","R$815,16"
"Ms. Rose Bergstrom III","R$367,19"
"Celia Kihn","R$184,77"
"Mr. Colton Kovacek","R$143,45"
"Pamela Rice","R$211,27"
"Damien Bogan I","R$847,80"
"Kraig Johnston Jr.","R$563,17"
"Marc Quitzon","R$397,97"
"Madisyn Kuhic","R$387,91"
"Dr. Dameon Auer V","R$450,37"
"Jacquelyn Heathcote","R$290,82"
"Arlie Ebert","R$120,98"
"Boris McLaughlin MD","R$148,67"
"Lynn Mann","R$279,60"
"Nestor Konopelski","R$995,63"
"Warren Pfeffer","R$762,73"
"Gabriella Smith II","R$540,41"
"Perry Hirthe","R$740,91"
"Elwin Conroy","R$906,40"
"Dalton O'Kon","R$462,16"
"Augusta Hettinger","R$157,47"
"Dr. Emilio Little MD","R$820,92"
"Meagan Rippin","R$666,75"
"Dr. Sylvan Keeling","R$331,87"
"Efrain Cremin","R$326,32"
"Rhianna Jerde","R$945,98"
"Prof. Benny Rempel","R$749,66"
"Dr. Lauretta Thompson DVM","R$102,36"
"Cedrick Cruickshank","R$670,14"
"Sydnie Bartoletti","R$594,51"
"Kailey Langworth","R$724,53"
"Sean Halvorson","R$627,41"
"Mariela Kirlin II","R$891,84"
"Liliana Schneider","R$252,33"
"Mr. Oswaldo Conn","R$985,90"
"Jett Mayer","R$707,36"
"Grady Hintz I","R$353,54"
"Dominique Fahey","R$627,04"
"Jadon Lebsack","R$691,85"
"General Huels","R$727,33"
"Mrs. Antonietta D'Amore","R$190,37"
"Ms. Alexanne Purdy IV","R$917,87"
"Randal Littel","R$695,26"
"Mr. Darryl Erdman","R$799,81"
"Emmy Jenkins","R$258,98"
"Dr. Betsy Feest","R$730,70"
"Prof. Earnest O'Keefe I","R$120,49"
"Julien Larson PhD","R$355,65"
"Jayne Lemke","R$888,37"
"Rashad Rodriguez","R$366,47"
"Ms. Keara Streich","R$769,61"
"Bernice Rolfson","R$159,58"
"Lonzo Schamberger","R$454,86"
"Granville Smitham","R$519,29"
"Delta Feest III","R$356,70"
"Maddison Bradtke","R$462,03"
"Bradly Rutherford","R$146,70"
"Jesse Schimmel","R$929,19"
"Dr. Ozella Bergnaum Jr.","R$769,68"
"Delia Zboncak","R$428,19"
"Ahmad Ratke","R$437,69"
"Annette Metz","R$529,56"
"Brandy Hills IV","R$675,72"
"Miss Roslyn Miller II","R$515,55"
"Kianna Dickens MD","R$795,65"
"Alia Kuhlman","R$169,09"
"Amie Metz","R$821,51"
"Myra Adams","R$120,15"
"Ms. Aurelia Heathcote","R$908,53"
"Elnora Schamberger","R$107,27"
"Jody Becker","R$504,78"
"Adolfo Muller","R$856,59"
"Sylvia Willms","R$799,39"
"Arne Zulauf","R$675,63"
"Dr. Philip Beier","R$415,93"
"Kris Hagenes IV","R$679,45"
"Ms. Katlynn Corwin I","R$807,04"
"Esteban Bergnaum","R$825,27"
"Dr. Kenny Rutherford","R$922,30"
"Hermina Conroy II","R$366,81"
"Andreane Kassulke","R$347,96"
"Mrs. Elvie Bode IV","R$978,04"
"Johnny Stehr","R$819,54"
"Verner Brown","R$621,10"
"Brown Crist","R$804,97"
"Missouri Block","R$695,61"
"Prof. Urban Kris PhD","R$234,96"
"Delilah Kassulke DDS","R$915,01"
"Dr. Sasha Rempel DDS","R$550,45"
"Dr. Carolyne Koss V","R$443,49"
"Kaya Sauer","R$133,82"
"Prof. Waino Kihn","R$138,52"
"Jackie Jacobson","R$860,62"
"Karen Carroll","R$250,03"
"Quinn Kirlin","R$935,84"
"Isom Balistreri","R$477,26"
"Gene Tillman","R$867,96"
"Anika Eichmann","R$371,52"
"Roosevelt Goldner IV","R$725,53"
"May Dooley","R$410,30"
"Miss Alvera Schoen MD","R$806,99"
"Prof. Abigail Wisoky DVM","R$693,35"
"Miss Ariane Blanda","R$792,05"
"Lee Kautzer","R$918,88"
"Bernard Prohaska","R$714,08"
"Ms. Nettie Beer MD","R$896,66"
"Marco Murphy","R$166,99"
"Ms. Martina Quitzon V","R$739,77"
"Pearlie Mueller","R$178,05"
"Arvilla Zemlak","R$323,48"
"Jett Runolfsson DDS","R$136,18"
"Glen Yundt","R$976,21"
"Dr. Treva Kuvalis","R$393,17"
"Murphy Nicolas","R$642,94"
"Mrs. Natalia Ebert","R$695,08"
"Muhammad Kuhlman","R$536,92"
"Arlo Anderson","R$468,12"
"Walter Welch I","R$657,68"
"Prof. Milford Rolfson MD","R$933,70"
"Kitty Wilderman","R$650,52"
"Miss Josefina Streich MD","R$970,58"
"Prof. Jillian Hahn MD","R$523,55"
"Corine Nitzsche","R$139,49"
"Noemy Ebert","R$673,47"
"Alec Gusikowski","R$610,50"
"Mr. Rashawn Collier IV","R$866,62"
"Cloyd Altenwerth","R$368,36"
"Tom Bashirian","R$182,84"
"Clair Ritchie","R$385,36"
"Vivian Predovic I","R$925,05"
"Grant Jaskolski","R$435,41"
"Melyna Hills","R$978,47"
"Deonte Ankunding II","R$403,82"
"Korey Purdy V","R$172,22"
"Trenton Pfeffer","R$375,34"
"Lavinia Kshlerin","R$878,59"
"Chauncey Marks","R$835,90"
"Kristoffer Rolfson","R$106,29"
"Prof. Terrence Veum V","R$652,88"
"Harrison Gerlach","R$846,56"
"Alphonso O'Keefe","R$670,37"
"Prof. Viva Sporer","R$725,96"
"Agustin Batz","R$958,80"
"Syble Ullrich","R$644,99"
"Marie Abshire V","R$865,53"
"Prof. Eileen Lesch MD","R$347,01"
"Dr. Trenton Erdman","R$514,89"
"Tyrese Keebler III","R$555,55"
"Laron Zulauf","R$866,72"
"Gregg Wiza","R$987,39"
"Johnathan Hettinger","R$531,06"
"Prof. Kendrick Little","R$532,94"
"Miss Chelsea Schmitt","R$174,49"
"Jermaine Bashirian","R$222,21"
"Dr. Caleigh Deckow","R$233,99"
"Emely Schowalter","R$136,46"
"Dr. Assunta Schroeder DVM","R$176,45"
"Braulio Stiedemann","R$593,60"
"Myron Treutel","R$629,68"
"Alisha Kunde DDS","R$546,30"
"Tressie Reichert","R$826,57"
"Tomasa Metz","R$283,53"
"Dr. Donnell Stark II","R$741,06"
"Tyrel Emard","R$596,74"
"Dr. Helene Luettgen I","R$305,74"
"Skye Nitzsche I","R$225,96"
"Miss Kara Abernathy DVM","R$535,46"
"Mrs. Evangeline Buckridge","R$791,39"
"Gia Franecki","R$683,25"
"London Collins","R$997,02"
"Kianna Gorczany","R$898,93"
"Elwin Doyle","R$589,19"
"Alvera Pfeffer V","R$346,99"
"Heloise Kuhn","R$902,21"
"Ernie Olson","R$873,25"
"Ralph Waters","R$107,82"
"Dr. Judson Cremin","R$179,13"
"Dr. Brice Tremblay","R$812,59"
"Destini Wilkinson III","R$584,14"
"Prof. Colby Robel","R$734,55"
"Arturo Bahringer","R$978,94"
"Everette Dickinson","R$677,72"
"Marian Fay","R$878,53"
"Valerie Kunze","R$891,28"
"Braxton Torphy","R$485,70"
"Bret McClure MD","R$762,16"
"Virgil Mayer","R$332,97"
"Angela Murray DDS","R$824,88"
"Ms. Karen Gerlach","R$973,98"
"Florida Kulas","R$359,77"
"Ms. Precious Collier","R$900,93"
"Prof. Kyleigh Toy","R$501,57"
"Lincoln Walsh","R$789,97"
"Mr. Danny Kautzer","R$798,47"
"Eino Lind","R$428,28"
"Dr. Edna Kub","R$345,39"
"Mariane Goyette","R$842,50"
"Mr. Oral Zieme III","R$194,72"
"Lauretta Murazik DVM","R$795,17"
"Bianka Volkman","R$521,34"
"Aniyah Ullrich","R$690,85"
"Hailie Cummings","R$423,29"
"Dr. Winifred Lockman","R$232,36"
"Maud Hansen","R$385,30"
"Dr. Harvey Legros MD","R$498,32"
"Dagmar Feest","R$800,57"
"Mitchel Ziemann","R$396,64"
"Prof. Myrtis Hermiston III","R$782,52"
"Prof. Harry Heathcote MD","R$559,82"
"Ms. Calista Yundt","R$683,30"
"Mittie Hills I","R$389,64"
"Shana Weimann","R$528,60"
"Bill Strosin","R$998,21"
"Monroe Toy","R$632,17"
"Ambrose McCullough","R$917,96"
"Adriel Ziemann","R$312,46"
"Ashly Mitchell","R$950,48"
"Vicente Durgan","R$796,19"
"Prof. Matt Heathcote PhD","R$257,07"
"Jasper Klein II","R$639,68"
"Mervin Muller I","R$596,09"
"Theresia Lesch","R$995,37"
"Araceli Zboncak","R$410,52"
"Trudie Emard","R$145,97"
"Daphney Cruickshank","R$742,52"
"Pamela Nicolas","R$833,92"
"Dr. Araceli Champlin","R$737,01"
"Colin Hilpert MD","R$535,09"
"Mr. Kurtis Hudson","R$155,57"
"Dallin Gulgowski","R$576,15"
"Jacinto Gulgowski","R$878,25"
"Ms. Madge Hammes DVM","R$905,15"
"Dr. Lane Hodkiewicz","R$118,55"
"Prof. Kaden Heaney V","R$276,76"
"Amos Gaylord V","R$139,97"
"Mr. Lionel Hilpert","R$202,65"
"Vance Borer","R$649,20"
"Ms. Audra Hills DVM","R$814,64"
"Britney Daniel","R$668,97"
"Katelin Kassulke","R$183,04"
"Ms. Alvena Jacobi II","R$368,97"
"Miss Meta Stokes","R$145,17"
"Vinnie Little V","R$766,20"
"Althea Gulgowski","R$247,74"
"Verdie Mosciski","R$854,83"
"Isabella Watsica","R$359,38"
"Dr. Albert Murazik DDS","R$445,58"
"Sylvan Larkin","R$169,45"
"Cyrus Kling","R$556,57"
"Mr. Oral Hauck DDS","R$229,08"
"Miss Ludie Hermann PhD","R$728,93"
"Trudie Mayert MD","R$250,77"
"Mortimer Koss","R$583,04"
"Nina Heathcote","R$615,11"
"Mattie Kihn","R$351,58"
"Zola Hayes PhD","R$237,58"
"Cali Dach","R$757,69"
"Carolanne Von PhD","R$971,68"
"Magdalen Stark","R$205,16"
"Federico Runte","R$242,42"
"Shanon Jacobi","R$829,96"
"Lora Bashirian III","R$856,35"
"Polly Denesik","R$658,16"
"Aniya Kovacek","R$377,06"
"Mrs. Icie Bartell PhD","R$581,76"
"Dr. Oscar Stanton I","R$567,68"
"Mrs. Zora Fay MD","R$288,99"
"Dr. Myra Stoltenberg DVM","R$819,30"
"Mrs. Hailee Armstrong","R$734,69"
"Ms. Aubrey Hartmann","R$513,72"
"Alan Emard","R$606,71"
"Braeden Hamill III","R$747,23"
"Grace Zboncak","R$993,95"
"Prof. Vincent Gottlieb","R$919,19"
"Sabryna Moore","R$765,75"
"Curtis Gaylord Jr.","R$163,24"
"Ms. Isabelle McDermott II","R$343,61"
"Judd Legros","R$502,97"
"Mr. Zakary Nicolas III","R$325,53"
"Pat Franecki","R$205,03"
"Loyce Schaden","R$961,44"
"Prof. Victoria Hayes I","R$195,02"
"Enrico Schimmel","R$168,75"
"Odell Ledner","R$779,01"
"Camren Nikolaus","R$802,92"
"Prof. Dameon Olson MD","R$291,04"
"Sheridan Lockman","R$243,29"
"Caroline Lindgren","R$288,57"
"Sophie Connelly","R$198,69"
"Carter Gutmann","R$782,59"
"Lilly Frami","R$851,34"
"Thad Schmidt","R$929,23"
"Mr. Giovanny Smitham PhD","R$546,94"
"Horace Frami","R$877,05"
"Emile Feil","R$269,77"
"Delores Paucek","R$317,04"
"Shaylee Cormier","R$717,28"
"Prof. Lizeth Morissette V","R$665,82"
"Camron Jacobs","R$400,25"
"Bridie Barrows","R$917,12"
"Zachery Little","R$139,15"
"Ms. Larissa Champlin","R$654,06"
"Prof. Jaycee Heller","R$719,41"
"Paul Jacobi V","R$521,77"
"Amara O'Conner","R$627,87"
"Miss Euna Beahan Sr.","R$942,73"
"Dan O'Reilly II","R$200,13"
"Dr. Moses Jacobs Jr.","R$529,25"
"Nyasia Connelly MD","R$471,33"
"Mr. Mose Stanton V","R$596,14"
"Raoul Feeney III","R$301,67"
"Mrs. Madisyn Kessler","R$994,02"
"Euna Kling","R$554,90"
"Miss Maida Schamberger Sr.","R$736,50"
"Glenna Lemke","R$835,96"
"Zachery Feest","R$393,31"
"Brendon Will","R$787,89"
"Icie O'Connell","R$308,98"
"Heaven Lakin IV","R$297,67"
"Neil Daniel","R$722,63"
"Jacinthe Senger","R$660,03"
"Chasity Bahringer","R$879,34"
"Jalen Daugherty","R$242,19"
"Prof. Fausto Hintz","R$465,71"
"Reggie Osinski","R$114,53"
"Lila Brown","R$241,76"
"Rosella Sporer MD","R$985,53"
"Ms. Nellie Pfannerstill IV","R$217,24"
"Mr. Lukas Howell","R$239,07"
"Carlie Ankunding","R$573,76"
"Claudie Watsica","R$502,01"
"Miss Audie Goyette","R$795,83"
"Mrs. Alena West","R$876,70"
"Jon Conroy I","R$491,96"
"Margie Torphy","R$870,20"
"Mr. Eliseo Leffler","R$318,60"
"Alanis Terry","R$399,08"
"Miss Ova Paucek","R$796,55"
"Price Herman","R$476,11"
"Luther Smith","R$219,54"
"Dr. Chanelle Thiel","R$144,13"
"Mrs. Mable Halvorson Sr.","R$942,52"
"Antonia Cassin","R$633,78"
"Antonietta Collins","R$962,52"
"Dr. Cloyd Schimmel","R$112,90"
"Camron Senger","R$509,10"
"Joy Smith","R$504,08"
"Dr. Mariela Schuppe","R$537,31"
"Ms. Barbara O'Keefe","R$274,11"
"Lavon Gaylord","R$651,06"
"Eduardo Turcotte","R$248,22"
"Vincenza Strosin","R$394,92"
"Alyce Bartell","R$681,77"
"Kiara Rath","R$632,01"
"Marie Jenkins III","R$324,40"
"Danny Mraz","R$437,22"
"Ms. Heaven DuBuque","R$675,48"
"Teagan Orn","R$874,98"
"Dr. Jamal Fisher","R$334,13"
"Emelia Berge","R$362,36"
"Marcelle Schowalter","R$801,34"
"Heather Yundt","R$636,71"
"Alvina Wolff","R$776,35"
"Hermann Gorczany MD","R$459,82"
"Adriana Spencer","R$918,69"
"Annie Braun","R$495,72"
"Miss Jermaine Lueilwitz","R$452,76"
"Ashlynn Buckridge","R$633,15"
"Elbert Vandervort DDS","R$730,60"
"Patience Legros PhD","R$691,96"
"Jaeden Bahringer V","R$147,39"
"Ruben D'Amore","R$448,12"
"Berta Kertzmann","R$329,13"
"Damaris Crona","R$803,91"
"Dr. Karl Orn IV","R$239,22"
"Mitchell Hamill DDS","R$407,22"
"Jimmy Rutherford","R$925,87"
"Dr. Jayde Stoltenberg II","R$437,95"
"Vinnie Hand PhD","R$238,01"
"Carey Luettgen","R$414,73"
"Ms. Jazlyn Huels","R$333,68"
"Kurtis Nitzsche","R$637,87"
"Prof. Vinnie Davis","R$397,12"
"Prof. Dashawn Heller","R$719,27"
"Corbin Gorczany","R$197,19"
"Naomi Hill","R$659,37"
"Dr. Shayna Lowe","R$252,49"
"Lucienne Spencer","R$187,90"
"Dr. Ahmed Sipes","R$428,58"
"Anastacio Kirlin","R$508,33"
"Abby Bartoletti","R$575,37"
"Eula Ward V","R$523,72"
"Ms. Jacky Bahringer Jr.","R$330,54"
"Baron O'Conner V","R$577,65"
"Ms. Lucinda Powlowski V","R$260,11"
"Dr. Minnie Mayer MD","R$105,84"
"Hayden Considine III","R$874,34"
"Rhoda McKenzie","R$660,53"
"Ariel Mante","R$622,63"
"Claudine Prohaska","R$699,18"
"Michale Rolfson III","R$117,50"
"Prof. Stephon Quigley III","R$441,32"
"Johan Schroeder DDS","R$612,68"
"Prof. Maria Lind IV","R$966,69"
"Ophelia Hagenes","R$219,94"
"Emmie Ernser","R$977,83"
"Ms. Alva Price V","R$508,36"
"Heidi Schoen","R$375,74"
"Ms. Amiya Kub","R$233,46"
"Dr. Gus Dietrich MD","R$444,97"
"Salvatore Kuhlman","R$353,61"
"Sage Corkery I","R$908,74"
"Dr. Eldon Hammes","R$494,50"
"Citlalli Upton","R$204,08"
"Prof. Felix Okuneva","R$673,23"
"Avis Schuppe","R$719,64"
"Arvid Hill Jr.","R$322,57"
"Remington Sipes DVM","R$178,77"
"Mr. Nickolas Simonis III","R$268,46"
"Arlene Heathcote Sr.","R$957,38"
"Veda Mitchell","R$354,34"
"Yasmin Quigley","R$263,41"
"Ms. Dayana Berge","R$779,52"
"Armand Hamill","R$327,31"
"Meda Schaden","R$988,09"
"Dr. Davon Flatley Jr.","R$999,20"
"Jairo Langosh","R$993,42"
"Vida Lakin","R$400,43"
"Ms. Desiree Sauer","R$532,11"
"Miss Reva Daniel Jr.","R$154,31"
"Keshaun Schultz","R$244,19"
"Granville Hickle","R$788,01"
"Lila Littel","R$983,57"
"Mr. Jeromy Gerlach","R$256,66"
"Bessie Stanton","R$243,31"
"Danny Nicolas","R$550,81"
"Ardella Prosacco II","R$789,82"
"Lurline Boehm","R$477,79"
"Mr. Jaden Monahan IV","R$630,04"
"Winnifred Koch Sr.","R$234,38"
"Sharon Abshire DDS","R$201,21"
"Mr. Cleve Rolfson","R$215,00"
"Mr. Clement Kihn","R$863,99"
"Manley Waters","R$711,03"
"Prof. Vicenta Hand DVM","R$392,60"
"Brandon Jaskolski III","R$650,93"
"Pete Kerluke III","R$866,19"
"Miss Albertha Homenick PhD","R$256,94"
"Weston Leuschke","R$934,54"
"Prof. Betty Rohan","R$680,28"
"Friedrich Gutmann IV","R$203,49"
"Jovany Wisozk","R$563,69"
"Lina Macejkovic","R$128,30"
"Evie Koch","R$248,68"
"Tiana Spinka","R$519,04"
"Dr. Ashtyn O'Hara","R$981,87"
"Dr. Dell Kuhic","R$479,89"
"Yvonne Brakus","R$777,13"
"Mr. Samson Schmitt Jr.","R$256,88"
"Lisandro Miller DDS","R$373,82"
"Melyssa Glover","R$114,26"
"Isai Barton","R$250,88"
"Rosa Marvin I","R$277,07"
"Quincy Blick","R$438,63"
"Roxane Hegmann","R$423,98"
"Dagmar Miller","R$269,01"
"Darron Thiel","R$212,58"
"Dr. Greg West MD","R$213,72"
"Leonel D'Amore","R$885,85"
"Alexandre Borer IV","R$421,22"
"Marta Okuneva","R$280,70"
"Carolina Wunsch","R$646,19"
"Dr. Vilma Carroll","R$193,31"
"Judy Howell","R$770,27"
"Darien Willms","R$118,68"
"Miss Aida Goodwin","R$974,66"
"Coty Waelchi DDS","R$601,36"
"Brent Lang","R$429,52"
"Alessandro Harber","R$389,59"
"Jada Stamm","R$348,07"
"Mellie Franecki","R$724,08"
"Alivia Mills","R$674,43"
"Tod Borer","R$931,54"
"Zelma Schmitt II","R$867,20"
"Miss Bridgette Smith","R$803,22"
"Ms. Verna Pacocha","R$812,49"
"Lonie Kshlerin","R$355,80"
"Herman Lindgren MD","R$915,55"
"Madilyn Gulgowski IV","R$296,34"
"Jessie Kreiger","R$874,01"
"Wendell Cole","R$749,76"
"Mrs. Gladyce Krajcik","R$753,45"
"Dr. Danny Pollich","R$982,80"
"Aliyah Farrell PhD","R$206,72"
"Sanford Halvorson Sr.","R$129,28"
"Arthur Hane","R$442,95"
"Devyn Heidenreich","R$904,10"
"Dr. Albina Cole Jr.","R$496,64"
"Pearl Johnston","R$277,21"
"Yolanda Hills","R$710,79"
"Efrain Ziemann","R$180,06"
"Holly Monahan","R$652,20"
"Columbus Veum","R$125,01"
"Dr. Eloy Denesik","R$423,77"
"Chelsie Rowe","R$257,71"
"Mr. Jaquan Yundt DVM","R$378,67"
"Brennon Gleichner","R$281,57"
"Lilyan Hettinger","R$265,46"
"Verda Sauer PhD","R$109,53"
"Priscilla Nader Sr.","R$994,50"
"Prof. Oliver Beahan","R$233,90"
"Brigitte Raynor","R$193,52"
"Prof. Milan Bartell PhD","R$550,30"
"Dr. Claud Mitchell","R$441,16"
"Elias Heidenreich","R$921,31"
"Ms. Isabell Becker","R$903,68"
"Miss Magdalena Kuhlman","R$440,49"
"Shemar Feest","R$921,27"
"Felton Beier","R$996,40"
"Akeem Legros","R$162,16"
"Monroe Shanahan","R$391,88"
"Katrine Klein Sr.","R$222,53"
"Mrs. Aubree McLaughlin DVM","R$238,42"
"Finn Bashirian","R$117,86"
"Marilie Harber DDS","R$583,44"
"Prof. Jackson Kautzer PhD","R$126,12"
"Gussie Howell","R$504,39"
"Prof. Abby Waters","R$413,16"
"Nia Gleichner DDS","R$372,42"
"Kyler Cormier","R$710,91"
"Trisha Upton","R$341,15"
"Thora Jacobson","R$497,55"
"Patsy Rath","R$320,03"
"Prof. Davion Treutel Sr.","R$604,73"
"Schuyler Rutherford","R$929,29"
"Spencer Abshire","R$408,80"
"Pink Stamm","R$535,61"
"Dr. Caroline Streich","R$922,30"
"Shirley Grant","R$157,63"
"Justus White","R$687,78"
"Reyes Collins DDS","R$869,82"
"Lelia Osinski","R$573,29"
"Lacy Kautzer","R$869,75"
"Maddison Beer","R$190,05"
"Miss Renee Kautzer IV","R$776,70"
"Berry Wisoky","R$784,41"
"Prof. Hal Ratke","R$407,54"
"Cody Ernser DVM","R$264,19"
"Polly Feeney","R$764,42"
"Mrs. Juana Bode","R$585,12"
"Daniella Schaefer","R$950,29"
"Nikko Douglas","R$340,10"
"Maximo Stroman Sr.","R$422,27"
"Prof. Angus Cartwright II","R$906,63"
"Gloria Rippin Jr.","R$901,39"
"Prof. Kathryne Adams I","R$538,31"
"Dr. Wava Spinka DVM","R$578,64"
"Mr. Perry Lind I","R$877,57"
"Kennedy Denesik II","R$614,31"
"Kendall Cassin","R$154,89"
"Ernest Deckow","R$263,34"
"Carmelo Okuneva","R$124,01"
"Talon Bins","R$773,80"
"Tyson Lesch","R$756,20"
"Isabelle Marks MD","R$645,35"
"Jaida Powlowski","R$960,76"
"Eugenia Fritsch Sr.","R$219,80"
"Miss Violette Sauer","R$925,72"
"Isabelle Grady","R$647,54"
"Dr. Okey Hessel","R$254,48"
"Wanda Morissette Jr.","R$156,20"
"Jaclyn Abbott","R$222,52"
"Prof. Eino McKenzie DDS","R$837,25"
"Jessica Yost","R$765,23"
"Norene Grimes DVM","R$437,13"
"Gustave Torp","R$701,22"
"Mandy Schinner","R$621,85"
"Prof. Vivienne Reinger","R$417,70"
"Anastacio Friesen","R$564,73"
"Annabelle Koepp","R$567,55"
"Janessa Kemmer","R$996,45"
"Wava Keeling","R$646,68"
"Ned Zulauf","R$740,56"
"Jazmin Kirlin","R$990,50"
"Lucio Stark","R$145,03"
"Murray Schultz","R$531,86"
"Prof. Osborne Strosin","R$363,11"
"Amos Hagenes","R$443,39"
"Alphonso Ratke","R$269,63"
"Mrs. Kara Herzog III","R$654,33"
"Dr. Maegan Flatley DVM","R$453,70"
"Dr. Helga Waelchi IV","R$488,37"
"Walton Steuber","R$871,46"
"Dr. Eveline Labadie","R$476,73"
"Daphney Block","R$331,47"
"Miss Lorena Johns DDS","R$908,97"
"Mr. Marcus Littel DDS","R$975,19"
"Tod Russel","R$777,97"
"Dr. Freeman Douglas","R$107,66"
"Chelsey Carroll","R$213,88"
"Elyse Volkman III","R$558,41"
"Nadia Moore","R$565,88"
"Mrs. Cleta Effertz","R$412,94"
"Carmine DuBuque","R$621,99"
"Camilla Gerlach","R$625,64"
"London Walsh","R$655,48"
"Celestino Klein","R$498,44"
"Sigurd Jacobson","R$163,80"
"Prof. Zion Veum V","R$885,36"
"Ursula Balistreri","R$645,45"
"Prof. Marques Cole I","R$434,41"
"Mr. Lucas Dibbert","R$479,93"
"Aaron Grady","R$509,21"
"Antonina Pfeffer","R$894,34"
"Magdalen Gutmann","R$763,67"
"Mr. Trystan Marvin","R$858,54"
"Emerson Bayer","R$268,35"
"Mrs. Clarabelle Carter DDS","R$162,42"
"Estella Sauer","R$332,94"
"Mr. Kian Larson DDS","R$338,64"
"Garrison Watsica","R$963,35"
"Dewayne Konopelski","R$908,58"
"Paxton Tromp","R$582,34"
"Rocio Bogisich","R$363,45"
"Mikayla Nitzsche","R$440,84"
"Arjun Leffler","R$869,28"
"Kurtis Batz MD","R$408,82"
"Rogers Mertz","R$931,59"
"Mrs. Alvina Bernier MD","R$223,54"
"Prof. Wellington Davis DDS","R$494,58"
"Mrs. Eulalia Lindgren II","R$558,15"
"Rogelio Reinger","R$669,23"
"Kole Weber","R$555,75"
"Mariah Erdman","R$111,62"
"Dr. Kelvin Predovic Jr.","R$145,59"
"Alize Lakin","R$619,16"
"Dr. Jovani Fahey","R$871,80"
"Lacy Wiza","R$692,14"
"Prof. Jonas Schaefer IV","R$446,26"
"Dr. Luigi Purdy PhD","R$151,05"
"Isac Hackett PhD","R$827,14"
"Sister Kerluke","R$365,23"
"Dorothy Quigley","R$989,48"
"Mable Heidenreich","R$839,81"
"Marlin Bergnaum","R$394,87"
"Ole Lockman","R$163,88"
"Mike Spencer","R$782,35"
"Zachary Douglas","R$510,37"
"Haley O'Keefe","R$418,56"
"Caesar Hauck V","R$930,94"
"Mr. Roscoe Durgan","R$998,42"
"Richard Schulist","R$993,34"
"Autumn Schinner","R$621,92"
"Dr. Idella McLaughlin PhD","R$593,03"
"Prof. Tressie Gibson","R$842,78"
"Kenton Prohaska","R$649,68"
"Prof. Edna Auer MD","R$500,33"
"Ayden Koepp","R$745,93"
"Lela Mills","R$382,42"
"Derick Moen","R$958,24"
"Kamren Hickle","R$166,09"
"Rudolph Lubowitz","R$508,40"
"Mrs. Roselyn Rosenbaum I","R$382,00"
"Stacy Jerde","R$554,07"
"Keshaun Bergnaum","R$315,75"
"Joanne Hessel","R$388,50"
"Dayana Schuster","R$262,89"
"Ms. Liliana Kshlerin","R$724,58"
"Jazmin Fritsch IV","R$130,97"
"Laurence Lueilwitz II","R$336,95"
"Prof. Rylan Klein","R$107,11"
"Otha Von","R$484,47"
"Trystan Christiansen","R$922,21"
"Dr. Madonna Schiller","R$336,09"
"Mathilde Schoen II","R$427,18"
"Rogers Lueilwitz","R$688,32"
"Ms. Lilian Monahan I","R$486,71"
"Danny Lind","R$396,87"
"Luz Heathcote","R$515,07"
"Dr. Hanna Ondricka Sr.","R$743,16"
"Ivah Huels","R$227,04"
"Dr. Alexane Windler IV","R$253,17"
"Mr. Trey Nikolaus DDS","R$888,62"
"Prof. Telly Mraz DVM","R$512,24"
"Houston Cremin","R$967,30"
"Hailey Barrows","R$847,22"
"Mr. Christop Schaefer","R$973,73"
"Bo Schmidt","R$445,07"
"Ms. Kassandra Conn","R$586,92"
"Ettie Bergnaum","R$196,27"
"Albina Crist","R$964,64"
"Jovanny Raynor","R$647,93"
"Marion Jakubowski I","R$651,58"
"Prof. Orlo McKenzie","R$611,46"
"Otha Schowalter PhD","R$788,96"
"Miss Sasha Rowe DVM","R$697,32"
"Gunner Bartell","R$773,97"
"Prof. Doris Bauch II","R$162,02"
"Magnus Legros","R$635,59"
"Ralph Kuvalis","R$797,42"
"Dr. Maryam Ritchie DDS","R$202,31"
"Tyrel D'Amore DDS","R$969,64"
"Prof. Emiliano Lind","R$246,52"
"Dr. June Rau DDS","R$958,70"
"Ms. Luisa Rolfson","R$248,94"
"Zelda Daugherty V","R$377,86"
"Dr. Jordy Schowalter","R$160,94"
"Evangeline Stiedemann","R$210,34"
"Prof. Travon Aufderhar PhD","R$461,86"
"Ms. Sonia Collins MD","R$414,35"
"Prof. Jedidiah Schneider","R$445,02"
"Marjorie Lind","R$954,19"
"Murphy Schmidt","R$938,12"
"Haley Pacocha MD","R$109,17"
"Maximilian Will","R$634,70"
"Tomas Ernser","R$813,84"
"Raymond Miller","R$889,30"
"Mario Lang","R$886,13"
"Meda Kihn V","R$296,63"
"Leilani Shanahan III","R$723,53"
"Maia Beer","R$635,60"
"Lafayette Huel","R$547,43"
"Agustina Bosco","R$936,35"
"Marilie Hintz","R$224,33"
"Jess McGlynn","R$931,36"
"Angelo Reinger Jr.","R$557,35"
"Ms. Nora Bernhard","R$577,20"
"Prof. Anita Heaney","R$906,45"
"Josiah Cummings","R$493,18"
"Holden Braun","R$435,54"
"Modesta Gottlieb","R$887,55"
"Irving Howe","R$668,40"
"Lamar Willms","R$602,12"
"Jabari Cremin","R$209,43"
"Vicky Shanahan","R$886,72"
"Dr. Donna Wilderman","R$463,79"
"Orpha Purdy","R$852,31"
"Jorge Mayert","R$833,45"
"Callie Rau","R$266,93"
"Mr. Sam Frami DVM","R$976,02"
"Watson Torphy","R$753,45"
"Aracely Smitham","R$581,80"
"Mazie Raynor","R$457,96"
"Rosamond Emard","R$516,12"
"Tate Torp I","R$996,32"
"Dr. Paxton Farrell II","R$910,59"
"Prof. Gerhard Wisozk II","R$290,65"
"Mr. Narciso Wyman","R$876,68"
"Sheldon Graham","R$467,87"
"Kenton Wolf","R$649,56"
"Leif Bailey","R$139,70"
"Clyde Sanford IV","R$592,53"
"Ora Jakubowski PhD","R$214,55"
"Tiana Leannon MD","R$187,80"
"Allen Powlowski","R$983,92"
"Mallie Klocko","R$697,57"
"Maximillia Rohan Sr.","R$656,72"
"Ike Champlin","R$162,67"
"Gordon Tremblay","R$227,78"
"Shane Cassin","R$492,67"
"Garry Aufderhar","R$965,36"
"Earnest West","R$915,00"
"Jeramy Lebsack","R$540,25"
"Julio Goodwin","R$356,86"
"Camren Krajcik IV","R$179,17"
"Prof. Laurine O'Conner","R$239,01"
"Angelita Bernhard Sr.","R$240,38"
"Ms. Maximillia Funk Sr.","R$115,65"
"Jordane McCullough","R$967,64"
"Rocky Tremblay","R$302,21"
"Prof. Chandler Kshlerin DDS","R$534,02"
"Miss Pasquale Hills MD","R$445,09"
"Meggie Boehm","R$463,55"
"Shaina Gibson","R$977,54"
"Delfina Botsford","R$202,70"
"Prof. Queenie Treutel","R$678,42"
"Mr. Hal Monahan","R$561,45"
"Odie Sanford","R$711,45"
"Lenna Roob","R$438,73"
"Prof. Janiya Mohr DVM","R$891,79"
"Malvina Effertz","R$236,81"
"Russel Walker","R$294,77"
"Ms. Duane Kunze","R$573,22"
"Jeffery Heller","R$194,56"
"Loy Roob","R$917,24"
"Daphnee Barrows","R$196,65"
"Durward Herman DVM","R$185,90"
"Shany Kiehn","R$767,64"
"Faustino Senger","R$288,86"
"Freida Christiansen MD","R$894,77"
"Adell Gibson V","R$717,24"
"Michael Stokes","R$944,66"
"Hulda Mitchell I","R$424,41"
"Holden Yundt II","R$325,58"
"Lorenzo Mosciski","R$966,68"
"Frances Bernhard","R$544,55"
"Dr. Cicero Raynor IV","R$392,16"
"Dr. Otha Toy","R$824,52"
"Elna Moen","R$400,32"
"Clifford Morar","R$327,92"
"Dr. Israel Lowe III","R$813,83"
"Kathleen Koch","R$246,51"
"Dr. Max Kessler Sr.","R$536,02"
"Prof. Rebeca Brekke V","R$977,62"
"Ms. Anastasia White Jr.","R$799,73"
"Christop Koch","R$513,51"
"Dr. Melvina Hansen DVM","R$878,31"
"Holly Zemlak DVM","R$264,54"
"Nathen Wiza MD","R$451,62"
"Ms. Caroline McGlynn","R$630,60"
"Noble Bergnaum","R$233,20"
"Luther Yundt","R$197,99"
"Roderick Dach","R$816,43"
"Paula Romaguera","R$324,51"
"Prof. Priscilla Kunde","R$982,60"
"Dr. Juvenal Parker Jr.","R$482,65"
"Amparo Jenkins","R$732,95"
"Mohammad Toy","R$136,89"
"Cleve Vandervort DDS","R$765,42"
"Roscoe Oberbrunner I","R$393,53"
"Oswald Miller","R$985,28"
"Willy Hayes","R$117,07"
"Dr. Brenna Lakin PhD","R$239,31"
"Marquise Ward","R$434,81"
"Reuben Gutkowski","R$251,05"
"Angelina Swaniawski","R$844,51"
"Seth Conroy","R$396,62"
"Kameron Lowe","R$639,84"
"Prof. Milan Zieme","R$143,88"
"Josie Bailey","R$9,00"
"Cesar Lockman","R$656,49"
"Ms. Alison Kohler III","R$989,58"
"Amber Murazik","R$164,47"
"Gayle Cole","R$997,50"
"Geovanni Zulauf","R$421,68"
"Maribel Spinka","R$197,09"
"Prof. Justine Douglas I","R$790,78"
"Prof. Geo Kuhlman","R$524,55"
"Kenyon Bauch","R$140,85"
"Prof. Brandi Kautzer DVM","R$572,91"
"Janick Schaefer","R$416,49"
"Prof. Paolo Blick","R$639,76"
"Martin Kertzmann","R$824,10"
"Avis Emmerich","R$802,39"
"Mr. Coy Morar PhD","R$378,11"
"Earlene Gerlach","R$513,59"
"Prof. Isac Wyman","R$944,41"
"Miss Lucie Block","R$520,35"
"Mrs. Rosalinda Dach","R$783,08"
"Darien Rau","R$293,45"
"Lelah Schiller Sr.","R$996,83"
"Harry Mertz","R$436,81"
"Dr. Nathanael Schaden Jr.","R$179,26"
"Magnolia Lind I","R$917,57"
"Oral Monahan","R$226,51"
"Mr. Jarvis Greenholt II","R$404,62"
"Dereck King","R$493,53"
